subject,sentence_type,trial_type,violation_type,violation_position,congruent_subjects,congruent_attractor,congruent_subjects_attractor,condition,error_rate
0,embedding_mental_LR,Violation,V1,other,False,False,False_False,PSP,
0,embedding_mental_LR,Violation,V1,other,False,False,False_False,SPS,
0,embedding_mental_LR,Violation,V1,other,False,True,False_True,PSS,
0,embedding_mental_LR,Violation,V1,other,False,True,False_True,SPP,
0,embedding_mental_LR,Violation,V1,other,True,False,True_False,PPS,
0,embedding_mental_LR,Violation,V1,other,True,False,True_False,SSP,
0,embedding_mental_LR,Violation,V1,other,True,True,True_True,PPP,
0,embedding_mental_LR,Violation,V1,other,True,True,True_True,SSS,
0,embedding_mental_LR,Violation,V2,inner,False,False,False_False,PSP,0.06944444444444445
0,embedding_mental_LR,Violation,V2,inner,False,False,False_False,SPS,0.1130952380952381
0,embedding_mental_LR,Violation,V2,inner,False,True,False_True,PSS,0.015873015873015872
0,embedding_mental_LR,Violation,V2,inner,False,True,False_True,SPP,0.047619047619047616
0,embedding_mental_LR,Violation,V2,inner,True,False,True_False,PPS,0.10714285714285714
0,embedding_mental_LR,Violation,V2,inner,True,False,True_False,SSP,0.06349206349206349
0,embedding_mental_LR,Violation,V2,inner,True,True,True_True,PPP,0.023809523809523808
0,embedding_mental_LR,Violation,V2,inner,True,True,True_True,SSS,0.00992063492063492
0,embedding_mental_SR,Violation,V1,other,False,,,PS,
0,embedding_mental_SR,Violation,V1,other,False,,,SP,
0,embedding_mental_SR,Violation,V1,other,True,,,PP,
0,embedding_mental_SR,Violation,V1,other,True,,,SS,
0,embedding_mental_SR,Violation,V2,inner,False,,,PS,0.007
0,embedding_mental_SR,Violation,V2,inner,False,,,SP,0.011
0,embedding_mental_SR,Violation,V2,inner,True,,,PP,0.013
0,embedding_mental_SR,Violation,V2,inner,True,,,SS,0.003
0,objrel,Violation,V1,inner,False,,,PS,0.435
0,objrel,Violation,V1,inner,False,,,SP,0.263
0,objrel,Violation,V1,inner,True,,,PP,0.012
0,objrel,Violation,V1,inner,True,,,SS,0.001
0,objrel,Violation,V2,outer,False,,,PS,0.249
0,objrel,Violation,V2,outer,False,,,SP,0.281
0,objrel,Violation,V2,outer,True,,,PP,0.054
0,objrel,Violation,V2,outer,True,,,SS,0.012
0,objrel_nounpp,Violation,V1,inner,False,False,False_False,PSP,0.9047619047619048
0,objrel_nounpp,Violation,V1,inner,False,False,False_False,SPS,0.6964285714285714
0,objrel_nounpp,Violation,V1,inner,False,True,False_True,PSS,0.75
0,objrel_nounpp,Violation,V1,inner,False,True,False_True,SPP,0.5337301587301587
0,objrel_nounpp,Violation,V1,inner,True,False,True_False,PPS,0.05357142857142857
0,objrel_nounpp,Violation,V1,inner,True,False,True_False,SSP,0.03968253968253968
0,objrel_nounpp,Violation,V1,inner,True,True,True_True,PPP,0.025793650793650792
0,objrel_nounpp,Violation,V1,inner,True,True,True_True,SSS,0.001984126984126984
0,objrel_nounpp,Violation,V2,outer,False,False,False_False,PSP,0.3611111111111111
0,objrel_nounpp,Violation,V2,outer,False,False,False_False,SPS,0.23015873015873015
0,objrel_nounpp,Violation,V2,outer,False,True,False_True,PSS,0.44642857142857145
0,objrel_nounpp,Violation,V2,outer,False,True,False_True,SPP,0.21428571428571427
0,objrel_nounpp,Violation,V2,outer,True,False,True_False,PPS,0.1865079365079365
0,objrel_nounpp,Violation,V2,outer,True,False,True_False,SSP,0.061507936507936505
0,objrel_nounpp,Violation,V2,outer,True,True,True_True,PPP,0.1626984126984127
0,objrel_nounpp,Violation,V2,outer,True,True,True_True,SSS,0.023809523809523808
1,embedding_mental_LR,Violation,V1,other,False,False,False_False,PSP,
1,embedding_mental_LR,Violation,V1,other,False,False,False_False,SPS,
1,embedding_mental_LR,Violation,V1,other,False,True,False_True,PSS,
1,embedding_mental_LR,Violation,V1,other,False,True,False_True,SPP,
1,embedding_mental_LR,Violation,V1,other,True,False,True_False,PPS,
1,embedding_mental_LR,Violation,V1,other,True,False,True_False,SSP,
1,embedding_mental_LR,Violation,V1,other,True,True,True_True,PPP,
1,embedding_mental_LR,Violation,V1,other,True,True,True_True,SSS,
1,embedding_mental_LR,Violation,V2,inner,False,False,False_False,PSP,0.03968253968253968
1,embedding_mental_LR,Violation,V2,inner,False,False,False_False,SPS,0.007936507936507936
1,embedding_mental_LR,Violation,V2,inner,False,True,False_True,PSS,0.013888888888888888
1,embedding_mental_LR,Violation,V2,inner,False,True,False_True,SPP,0.0
1,embedding_mental_LR,Violation,V2,inner,True,False,True_False,PPS,0.017857142857142856
1,embedding_mental_LR,Violation,V2,inner,True,False,True_False,SSP,0.037698412698412696
1,embedding_mental_LR,Violation,V2,inner,True,True,True_True,PPP,0.005952380952380952
1,embedding_mental_LR,Violation,V2,inner,True,True,True_True,SSS,0.007936507936507936
1,embedding_mental_SR,Violation,V1,other,False,,,PS,
1,embedding_mental_SR,Violation,V1,other,False,,,SP,
1,embedding_mental_SR,Violation,V1,other,True,,,PP,
1,embedding_mental_SR,Violation,V1,other,True,,,SS,
1,embedding_mental_SR,Violation,V2,inner,False,,,PS,0.008
1,embedding_mental_SR,Violation,V2,inner,False,,,SP,0.0
1,embedding_mental_SR,Violation,V2,inner,True,,,PP,0.0
1,embedding_mental_SR,Violation,V2,inner,True,,,SS,0.001
1,objrel,Violation,V1,inner,False,,,PS,0.463
1,objrel,Violation,V1,inner,False,,,SP,0.39
1,objrel,Violation,V1,inner,True,,,PP,0.0
1,objrel,Violation,V1,inner,True,,,SS,0.002
1,objrel,Violation,V2,outer,False,,,PS,0.261
1,objrel,Violation,V2,outer,False,,,SP,0.354
1,objrel,Violation,V2,outer,True,,,PP,0.061
1,objrel,Violation,V2,outer,True,,,SS,0.003
1,objrel_nounpp,Violation,V1,inner,False,False,False_False,PSP,0.8928571428571429
1,objrel_nounpp,Violation,V1,inner,False,False,False_False,SPS,0.5972222222222222
1,objrel_nounpp,Violation,V1,inner,False,True,False_True,PSS,0.8075396825396826
1,objrel_nounpp,Violation,V1,inner,False,True,False_True,SPP,0.4861111111111111
1,objrel_nounpp,Violation,V1,inner,True,False,True_False,PPS,0.003968253968253968
1,objrel_nounpp,Violation,V1,inner,True,False,True_False,SSP,0.025793650793650792
1,objrel_nounpp,Violation,V1,inner,True,True,True_True,PPP,0.005952380952380952
1,objrel_nounpp,Violation,V1,inner,True,True,True_True,SSS,0.0
1,objrel_nounpp,Violation,V2,outer,False,False,False_False,PSP,0.3630952380952381
1,objrel_nounpp,Violation,V2,outer,False,False,False_False,SPS,0.32142857142857145
1,objrel_nounpp,Violation,V2,outer,False,True,False_True,PSS,0.29563492063492064
1,objrel_nounpp,Violation,V2,outer,False,True,False_True,SPP,0.31746031746031744
1,objrel_nounpp,Violation,V2,outer,True,False,True_False,PPS,0.1488095238095238
1,objrel_nounpp,Violation,V2,outer,True,False,True_False,SSP,0.047619047619047616
1,objrel_nounpp,Violation,V2,outer,True,True,True_True,PPP,0.17063492063492064
1,objrel_nounpp,Violation,V2,outer,True,True,True_True,SSS,0.031746031746031744
2,embedding_mental_LR,Violation,V1,other,False,False,False_False,PSP,
2,embedding_mental_LR,Violation,V1,other,False,False,False_False,SPS,
2,embedding_mental_LR,Violation,V1,other,False,True,False_True,PSS,
2,embedding_mental_LR,Violation,V1,other,False,True,False_True,SPP,
2,embedding_mental_LR,Violation,V1,other,True,False,True_False,PPS,
2,embedding_mental_LR,Violation,V1,other,True,False,True_False,SSP,
2,embedding_mental_LR,Violation,V1,other,True,True,True_True,PPP,
2,embedding_mental_LR,Violation,V1,other,True,True,True_True,SSS,
2,embedding_mental_LR,Violation,V2,inner,False,False,False_False,PSP,0.06944444444444445
2,embedding_mental_LR,Violation,V2,inner,False,False,False_False,SPS,0.06746031746031746
2,embedding_mental_LR,Violation,V2,inner,False,True,False_True,PSS,0.007936507936507936
2,embedding_mental_LR,Violation,V2,inner,False,True,False_True,SPP,0.03571428571428571
2,embedding_mental_LR,Violation,V2,inner,True,False,True_False,PPS,0.05952380952380952
2,embedding_mental_LR,Violation,V2,inner,True,False,True_False,SSP,0.02976190476190476
2,embedding_mental_LR,Violation,V2,inner,True,True,True_True,PPP,0.011904761904761904
2,embedding_mental_LR,Violation,V2,inner,True,True,True_True,SSS,0.001984126984126984
2,embedding_mental_SR,Violation,V1,other,False,,,PS,
2,embedding_mental_SR,Violation,V1,other,False,,,SP,
2,embedding_mental_SR,Violation,V1,other,True,,,PP,
2,embedding_mental_SR,Violation,V1,other,True,,,SS,
2,embedding_mental_SR,Violation,V2,inner,False,,,PS,0.004
2,embedding_mental_SR,Violation,V2,inner,False,,,SP,0.008
2,embedding_mental_SR,Violation,V2,inner,True,,,PP,0.002
2,embedding_mental_SR,Violation,V2,inner,True,,,SS,0.002
2,objrel,Violation,V1,inner,False,,,PS,0.335
2,objrel,Violation,V1,inner,False,,,SP,0.249
2,objrel,Violation,V1,inner,True,,,PP,0.0
2,objrel,Violation,V1,inner,True,,,SS,0.0
2,objrel,Violation,V2,outer,False,,,PS,0.501
2,objrel,Violation,V2,outer,False,,,SP,0.34
2,objrel,Violation,V2,outer,True,,,PP,0.132
2,objrel,Violation,V2,outer,True,,,SS,0.0
2,objrel_nounpp,Violation,V1,inner,False,False,False_False,PSP,0.6527777777777778
2,objrel_nounpp,Violation,V1,inner,False,False,False_False,SPS,0.7281746031746031
2,objrel_nounpp,Violation,V1,inner,False,True,False_True,PSS,0.6071428571428571
2,objrel_nounpp,Violation,V1,inner,False,True,False_True,SPP,0.7738095238095238
2,objrel_nounpp,Violation,V1,inner,True,False,True_False,PPS,0.03968253968253968
2,objrel_nounpp,Violation,V1,inner,True,False,True_False,SSP,0.017857142857142856
2,objrel_nounpp,Violation,V1,inner,True,True,True_True,PPP,0.03571428571428571
2,objrel_nounpp,Violation,V1,inner,True,True,True_True,SSS,0.0
2,objrel_nounpp,Violation,V2,outer,False,False,False_False,PSP,0.5654761904761905
2,objrel_nounpp,Violation,V2,outer,False,False,False_False,SPS,0.14285714285714285
2,objrel_nounpp,Violation,V2,outer,False,True,False_True,PSS,0.6309523809523809
2,objrel_nounpp,Violation,V2,outer,False,True,False_True,SPP,0.09523809523809523
2,objrel_nounpp,Violation,V2,outer,True,False,True_False,PPS,0.38492063492063494
2,objrel_nounpp,Violation,V2,outer,True,False,True_False,SSP,0.00992063492063492
2,objrel_nounpp,Violation,V2,outer,True,True,True_True,PPP,0.375
2,objrel_nounpp,Violation,V2,outer,True,True,True_True,SSS,0.001984126984126984
3,embedding_mental_LR,Violation,V1,other,False,False,False_False,PSP,
3,embedding_mental_LR,Violation,V1,other,False,False,False_False,SPS,
3,embedding_mental_LR,Violation,V1,other,False,True,False_True,PSS,
3,embedding_mental_LR,Violation,V1,other,False,True,False_True,SPP,
3,embedding_mental_LR,Violation,V1,other,True,False,True_False,PPS,
3,embedding_mental_LR,Violation,V1,other,True,False,True_False,SSP,
3,embedding_mental_LR,Violation,V1,other,True,True,True_True,PPP,
3,embedding_mental_LR,Violation,V1,other,True,True,True_True,SSS,
3,embedding_mental_LR,Violation,V2,inner,False,False,False_False,PSP,0.13095238095238096
3,embedding_mental_LR,Violation,V2,inner,False,False,False_False,SPS,0.03373015873015873
3,embedding_mental_LR,Violation,V2,inner,False,True,False_True,PSS,0.0
3,embedding_mental_LR,Violation,V2,inner,False,True,False_True,SPP,0.0
3,embedding_mental_LR,Violation,V2,inner,True,False,True_False,PPS,0.04563492063492063
3,embedding_mental_LR,Violation,V2,inner,True,False,True_False,SSP,0.08928571428571429
3,embedding_mental_LR,Violation,V2,inner,True,True,True_True,PPP,0.001984126984126984
3,embedding_mental_LR,Violation,V2,inner,True,True,True_True,SSS,0.001984126984126984
3,embedding_mental_SR,Violation,V1,other,False,,,PS,
3,embedding_mental_SR,Violation,V1,other,False,,,SP,
3,embedding_mental_SR,Violation,V1,other,True,,,PP,
3,embedding_mental_SR,Violation,V1,other,True,,,SS,
3,embedding_mental_SR,Violation,V2,inner,False,,,PS,0.003
3,embedding_mental_SR,Violation,V2,inner,False,,,SP,0.003
3,embedding_mental_SR,Violation,V2,inner,True,,,PP,0.001
3,embedding_mental_SR,Violation,V2,inner,True,,,SS,0.002
3,objrel,Violation,V1,inner,False,,,PS,0.552
3,objrel,Violation,V1,inner,False,,,SP,0.146
3,objrel,Violation,V1,inner,True,,,PP,0.0
3,objrel,Violation,V1,inner,True,,,SS,0.005
3,objrel,Violation,V2,outer,False,,,PS,0.333
3,objrel,Violation,V2,outer,False,,,SP,0.224
3,objrel,Violation,V2,outer,True,,,PP,0.02
3,objrel,Violation,V2,outer,True,,,SS,0.002
3,objrel_nounpp,Violation,V1,inner,False,False,False_False,PSP,0.9047619047619048
3,objrel_nounpp,Violation,V1,inner,False,False,False_False,SPS,0.42658730158730157
3,objrel_nounpp,Violation,V1,inner,False,True,False_True,PSS,0.7579365079365079
3,objrel_nounpp,Violation,V1,inner,False,True,False_True,SPP,0.20436507936507936
3,objrel_nounpp,Violation,V1,inner,True,False,True_False,PPS,0.001984126984126984
3,objrel_nounpp,Violation,V1,inner,True,False,True_False,SSP,0.02976190476190476
3,objrel_nounpp,Violation,V1,inner,True,True,True_True,PPP,0.003968253968253968
3,objrel_nounpp,Violation,V1,inner,True,True,True_True,SSS,0.0
3,objrel_nounpp,Violation,V2,outer,False,False,False_False,PSP,0.4305555555555556
3,objrel_nounpp,Violation,V2,outer,False,False,False_False,SPS,0.10912698412698413
3,objrel_nounpp,Violation,V2,outer,False,True,False_True,PSS,0.5059523809523809
3,objrel_nounpp,Violation,V2,outer,False,True,False_True,SPP,0.14484126984126985
3,objrel_nounpp,Violation,V2,outer,True,False,True_False,PPS,0.10119047619047619
3,objrel_nounpp,Violation,V2,outer,True,False,True_False,SSP,0.017857142857142856
3,objrel_nounpp,Violation,V2,outer,True,True,True_True,PPP,0.11706349206349206
3,objrel_nounpp,Violation,V2,outer,True,True,True_True,SSS,0.0
4,embedding_mental_LR,Violation,V1,other,False,False,False_False,PSP,
4,embedding_mental_LR,Violation,V1,other,False,False,False_False,SPS,
4,embedding_mental_LR,Violation,V1,other,False,True,False_True,PSS,
4,embedding_mental_LR,Violation,V1,other,False,True,False_True,SPP,
4,embedding_mental_LR,Violation,V1,other,True,False,True_False,PPS,
4,embedding_mental_LR,Violation,V1,other,True,False,True_False,SSP,
4,embedding_mental_LR,Violation,V1,other,True,True,True_True,PPP,
4,embedding_mental_LR,Violation,V1,other,True,True,True_True,SSS,
4,embedding_mental_LR,Violation,V2,inner,False,False,False_False,PSP,0.047619047619047616
4,embedding_mental_LR,Violation,V2,inner,False,False,False_False,SPS,0.0496031746031746
4,embedding_mental_LR,Violation,V2,inner,False,True,False_True,PSS,0.001984126984126984
4,embedding_mental_LR,Violation,V2,inner,False,True,False_True,SPP,0.015873015873015872
4,embedding_mental_LR,Violation,V2,inner,True,False,True_False,PPS,0.06746031746031746
4,embedding_mental_LR,Violation,V2,inner,True,False,True_False,SSP,0.037698412698412696
4,embedding_mental_LR,Violation,V2,inner,True,True,True_True,PPP,0.007936507936507936
4,embedding_mental_LR,Violation,V2,inner,True,True,True_True,SSS,0.005952380952380952
4,embedding_mental_SR,Violation,V1,other,False,,,PS,
4,embedding_mental_SR,Violation,V1,other,False,,,SP,
4,embedding_mental_SR,Violation,V1,other,True,,,PP,
4,embedding_mental_SR,Violation,V1,other,True,,,SS,
4,embedding_mental_SR,Violation,V2,inner,False,,,PS,0.003
4,embedding_mental_SR,Violation,V2,inner,False,,,SP,0.0
4,embedding_mental_SR,Violation,V2,inner,True,,,PP,0.001
4,embedding_mental_SR,Violation,V2,inner,True,,,SS,0.002
4,objrel,Violation,V1,inner,False,,,PS,0.556
4,objrel,Violation,V1,inner,False,,,SP,0.186
4,objrel,Violation,V1,inner,True,,,PP,0.0
4,objrel,Violation,V1,inner,True,,,SS,0.0
4,objrel,Violation,V2,outer,False,,,PS,0.331
4,objrel,Violation,V2,outer,False,,,SP,0.391
4,objrel,Violation,V2,outer,True,,,PP,0.049
4,objrel,Violation,V2,outer,True,,,SS,0.008
4,objrel_nounpp,Violation,V1,inner,False,False,False_False,PSP,0.8968253968253969
4,objrel_nounpp,Violation,V1,inner,False,False,False_False,SPS,0.8472222222222222
4,objrel_nounpp,Violation,V1,inner,False,True,False_True,PSS,0.7083333333333334
4,objrel_nounpp,Violation,V1,inner,False,True,False_True,SPP,0.4126984126984127
4,objrel_nounpp,Violation,V1,inner,True,False,True_False,PPS,0.037698412698412696
4,objrel_nounpp,Violation,V1,inner,True,False,True_False,SSP,0.03373015873015873
4,objrel_nounpp,Violation,V1,inner,True,True,True_True,PPP,0.017857142857142856
4,objrel_nounpp,Violation,V1,inner,True,True,True_True,SSS,0.0
4,objrel_nounpp,Violation,V2,outer,False,False,False_False,PSP,0.4642857142857143
4,objrel_nounpp,Violation,V2,outer,False,False,False_False,SPS,0.16071428571428573
4,objrel_nounpp,Violation,V2,outer,False,True,False_True,PSS,0.5099206349206349
4,objrel_nounpp,Violation,V2,outer,False,True,False_True,SPP,0.23412698412698413
4,objrel_nounpp,Violation,V2,outer,True,False,True_False,PPS,0.2361111111111111
4,objrel_nounpp,Violation,V2,outer,True,False,True_False,SSP,0.05952380952380952
4,objrel_nounpp,Violation,V2,outer,True,True,True_True,PPP,0.21031746031746032
4,objrel_nounpp,Violation,V2,outer,True,True,True_True,SSS,0.037698412698412696
5,embedding_mental_LR,Violation,V1,other,False,False,False_False,PSP,
5,embedding_mental_LR,Violation,V1,other,False,False,False_False,SPS,
5,embedding_mental_LR,Violation,V1,other,False,True,False_True,PSS,
5,embedding_mental_LR,Violation,V1,other,False,True,False_True,SPP,
5,embedding_mental_LR,Violation,V1,other,True,False,True_False,PPS,
5,embedding_mental_LR,Violation,V1,other,True,False,True_False,SSP,
5,embedding_mental_LR,Violation,V1,other,True,True,True_True,PPP,
5,embedding_mental_LR,Violation,V1,other,True,True,True_True,SSS,
5,embedding_mental_LR,Violation,V2,inner,False,False,False_False,PSP,0.037698412698412696
5,embedding_mental_LR,Violation,V2,inner,False,False,False_False,SPS,0.03373015873015873
5,embedding_mental_LR,Violation,V2,inner,False,True,False_True,PSS,0.005952380952380952
5,embedding_mental_LR,Violation,V2,inner,False,True,False_True,SPP,0.013888888888888888
5,embedding_mental_LR,Violation,V2,inner,True,False,True_False,PPS,0.04563492063492063
5,embedding_mental_LR,Violation,V2,inner,True,False,True_False,SSP,0.01984126984126984
5,embedding_mental_LR,Violation,V2,inner,True,True,True_True,PPP,0.013888888888888888
5,embedding_mental_LR,Violation,V2,inner,True,True,True_True,SSS,0.005952380952380952
5,embedding_mental_SR,Violation,V1,other,False,,,PS,
5,embedding_mental_SR,Violation,V1,other,False,,,SP,
5,embedding_mental_SR,Violation,V1,other,True,,,PP,
5,embedding_mental_SR,Violation,V1,other,True,,,SS,
5,embedding_mental_SR,Violation,V2,inner,False,,,PS,0.005
5,embedding_mental_SR,Violation,V2,inner,False,,,SP,0.004
5,embedding_mental_SR,Violation,V2,inner,True,,,PP,0.001
5,embedding_mental_SR,Violation,V2,inner,True,,,SS,0.007
5,objrel,Violation,V1,inner,False,,,PS,0.33
5,objrel,Violation,V1,inner,False,,,SP,0.123
5,objrel,Violation,V1,inner,True,,,PP,0.001
5,objrel,Violation,V1,inner,True,,,SS,0.0
5,objrel,Violation,V2,outer,False,,,PS,0.337
5,objrel,Violation,V2,outer,False,,,SP,0.326
5,objrel,Violation,V2,outer,True,,,PP,0.067
5,objrel,Violation,V2,outer,True,,,SS,0.003
5,objrel_nounpp,Violation,V1,inner,False,False,False_False,PSP,0.873015873015873
5,objrel_nounpp,Violation,V1,inner,False,False,False_False,SPS,0.623015873015873
5,objrel_nounpp,Violation,V1,inner,False,True,False_True,PSS,0.6924603174603174
5,objrel_nounpp,Violation,V1,inner,False,True,False_True,SPP,0.39087301587301587
5,objrel_nounpp,Violation,V1,inner,True,False,True_False,PPS,0.01984126984126984
5,objrel_nounpp,Violation,V1,inner,True,False,True_False,SSP,0.01984126984126984
5,objrel_nounpp,Violation,V1,inner,True,True,True_True,PPP,0.025793650793650792
5,objrel_nounpp,Violation,V1,inner,True,True,True_True,SSS,0.0
5,objrel_nounpp,Violation,V2,outer,False,False,False_False,PSP,0.21428571428571427
5,objrel_nounpp,Violation,V2,outer,False,False,False_False,SPS,0.34325396825396826
5,objrel_nounpp,Violation,V2,outer,False,True,False_True,PSS,0.31746031746031744
5,objrel_nounpp,Violation,V2,outer,False,True,False_True,SPP,0.35714285714285715
5,objrel_nounpp,Violation,V2,outer,True,False,True_False,PPS,0.1765873015873016
5,objrel_nounpp,Violation,V2,outer,True,False,True_False,SSP,0.037698412698412696
5,objrel_nounpp,Violation,V2,outer,True,True,True_True,PPP,0.14484126984126985
5,objrel_nounpp,Violation,V2,outer,True,True,True_True,SSS,0.03968253968253968
6,embedding_mental_LR,Violation,V1,other,False,False,False_False,PSP,
6,embedding_mental_LR,Violation,V1,other,False,False,False_False,SPS,
6,embedding_mental_LR,Violation,V1,other,False,True,False_True,PSS,
6,embedding_mental_LR,Violation,V1,other,False,True,False_True,SPP,
6,embedding_mental_LR,Violation,V1,other,True,False,True_False,PPS,
6,embedding_mental_LR,Violation,V1,other,True,False,True_False,SSP,
6,embedding_mental_LR,Violation,V1,other,True,True,True_True,PPP,
6,embedding_mental_LR,Violation,V1,other,True,True,True_True,SSS,
6,embedding_mental_LR,Violation,V2,inner,False,False,False_False,PSP,0.0496031746031746
6,embedding_mental_LR,Violation,V2,inner,False,False,False_False,SPS,0.07341269841269842
6,embedding_mental_LR,Violation,V2,inner,False,True,False_True,PSS,0.005952380952380952
6,embedding_mental_LR,Violation,V2,inner,False,True,False_True,SPP,0.005952380952380952
6,embedding_mental_LR,Violation,V2,inner,True,False,True_False,PPS,0.061507936507936505
6,embedding_mental_LR,Violation,V2,inner,True,False,True_False,SSP,0.037698412698412696
6,embedding_mental_LR,Violation,V2,inner,True,True,True_True,PPP,0.00992063492063492
6,embedding_mental_LR,Violation,V2,inner,True,True,True_True,SSS,0.005952380952380952
6,embedding_mental_SR,Violation,V1,other,False,,,PS,
6,embedding_mental_SR,Violation,V1,other,False,,,SP,
6,embedding_mental_SR,Violation,V1,other,True,,,PP,
6,embedding_mental_SR,Violation,V1,other,True,,,SS,
6,embedding_mental_SR,Violation,V2,inner,False,,,PS,0.002
6,embedding_mental_SR,Violation,V2,inner,False,,,SP,0.0
6,embedding_mental_SR,Violation,V2,inner,True,,,PP,0.0
6,embedding_mental_SR,Violation,V2,inner,True,,,SS,0.0
6,objrel,Violation,V1,inner,False,,,PS,0.378
6,objrel,Violation,V1,inner,False,,,SP,0.267
6,objrel,Violation,V1,inner,True,,,PP,0.004
6,objrel,Violation,V1,inner,True,,,SS,0.0
6,objrel,Violation,V2,outer,False,,,PS,0.419
6,objrel,Violation,V2,outer,False,,,SP,0.348
6,objrel,Violation,V2,outer,True,,,PP,0.102
6,objrel,Violation,V2,outer,True,,,SS,0.021
6,objrel_nounpp,Violation,V1,inner,False,False,False_False,PSP,0.9285714285714286
6,objrel_nounpp,Violation,V1,inner,False,False,False_False,SPS,0.7698412698412699
6,objrel_nounpp,Violation,V1,inner,False,True,False_True,PSS,0.7202380952380952
6,objrel_nounpp,Violation,V1,inner,False,True,False_True,SPP,0.6309523809523809
6,objrel_nounpp,Violation,V1,inner,True,False,True_False,PPS,0.05555555555555555
6,objrel_nounpp,Violation,V1,inner,True,False,True_False,SSP,0.013888888888888888
6,objrel_nounpp,Violation,V1,inner,True,True,True_True,PPP,0.017857142857142856
6,objrel_nounpp,Violation,V1,inner,True,True,True_True,SSS,0.0
6,objrel_nounpp,Violation,V2,outer,False,False,False_False,PSP,0.48214285714285715
6,objrel_nounpp,Violation,V2,outer,False,False,False_False,SPS,0.18452380952380953
6,objrel_nounpp,Violation,V2,outer,False,True,False_True,PSS,0.5892857142857143
6,objrel_nounpp,Violation,V2,outer,False,True,False_True,SPP,0.22023809523809523
6,objrel_nounpp,Violation,V2,outer,True,False,True_False,PPS,0.32341269841269843
6,objrel_nounpp,Violation,V2,outer,True,False,True_False,SSP,0.09325396825396826
6,objrel_nounpp,Violation,V2,outer,True,True,True_True,PPP,0.33134920634920634
6,objrel_nounpp,Violation,V2,outer,True,True,True_True,SSS,0.04365079365079365
7,embedding_mental_LR,Violation,V1,other,False,False,False_False,PSP,
7,embedding_mental_LR,Violation,V1,other,False,False,False_False,SPS,
7,embedding_mental_LR,Violation,V1,other,False,True,False_True,PSS,
7,embedding_mental_LR,Violation,V1,other,False,True,False_True,SPP,
7,embedding_mental_LR,Violation,V1,other,True,False,True_False,PPS,
7,embedding_mental_LR,Violation,V1,other,True,False,True_False,SSP,
7,embedding_mental_LR,Violation,V1,other,True,True,True_True,PPP,
7,embedding_mental_LR,Violation,V1,other,True,True,True_True,SSS,
7,embedding_mental_LR,Violation,V2,inner,False,False,False_False,PSP,0.09325396825396826
7,embedding_mental_LR,Violation,V2,inner,False,False,False_False,SPS,0.10912698412698413
7,embedding_mental_LR,Violation,V2,inner,False,True,False_True,PSS,0.013888888888888888
7,embedding_mental_LR,Violation,V2,inner,False,True,False_True,SPP,0.017857142857142856
7,embedding_mental_LR,Violation,V2,inner,True,False,True_False,PPS,0.08134920634920635
7,embedding_mental_LR,Violation,V2,inner,True,False,True_False,SSP,0.06349206349206349
7,embedding_mental_LR,Violation,V2,inner,True,True,True_True,PPP,0.0
7,embedding_mental_LR,Violation,V2,inner,True,True,True_True,SSS,0.007936507936507936
7,embedding_mental_SR,Violation,V1,other,False,,,PS,
7,embedding_mental_SR,Violation,V1,other,False,,,SP,
7,embedding_mental_SR,Violation,V1,other,True,,,PP,
7,embedding_mental_SR,Violation,V1,other,True,,,SS,
7,embedding_mental_SR,Violation,V2,inner,False,,,PS,0.008
7,embedding_mental_SR,Violation,V2,inner,False,,,SP,0.009
7,embedding_mental_SR,Violation,V2,inner,True,,,PP,0.0
7,embedding_mental_SR,Violation,V2,inner,True,,,SS,0.006
7,objrel,Violation,V1,inner,False,,,PS,0.613
7,objrel,Violation,V1,inner,False,,,SP,0.093
7,objrel,Violation,V1,inner,True,,,PP,0.0
7,objrel,Violation,V1,inner,True,,,SS,0.002
7,objrel,Violation,V2,outer,False,,,PS,0.435
7,objrel,Violation,V2,outer,False,,,SP,0.377
7,objrel,Violation,V2,outer,True,,,PP,0.193
7,objrel,Violation,V2,outer,True,,,SS,0.002
7,objrel_nounpp,Violation,V1,inner,False,False,False_False,PSP,0.9186507936507936
7,objrel_nounpp,Violation,V1,inner,False,False,False_False,SPS,0.3392857142857143
7,objrel_nounpp,Violation,V1,inner,False,True,False_True,PSS,0.7321428571428571
7,objrel_nounpp,Violation,V1,inner,False,True,False_True,SPP,0.14484126984126985
7,objrel_nounpp,Violation,V1,inner,True,False,True_False,PPS,0.027777777777777776
7,objrel_nounpp,Violation,V1,inner,True,False,True_False,SSP,0.023809523809523808
7,objrel_nounpp,Violation,V1,inner,True,True,True_True,PPP,0.001984126984126984
7,objrel_nounpp,Violation,V1,inner,True,True,True_True,SSS,0.0
7,objrel_nounpp,Violation,V2,outer,False,False,False_False,PSP,0.45634920634920634
7,objrel_nounpp,Violation,V2,outer,False,False,False_False,SPS,0.3373015873015873
7,objrel_nounpp,Violation,V2,outer,False,True,False_True,PSS,0.5297619047619048
7,objrel_nounpp,Violation,V2,outer,False,True,False_True,SPP,0.35714285714285715
7,objrel_nounpp,Violation,V2,outer,True,False,True_False,PPS,0.3333333333333333
7,objrel_nounpp,Violation,V2,outer,True,False,True_False,SSP,0.025793650793650792
7,objrel_nounpp,Violation,V2,outer,True,True,True_True,PPP,0.30952380952380953
7,objrel_nounpp,Violation,V2,outer,True,True,True_True,SSS,0.00992063492063492
8,embedding_mental_LR,Violation,V1,other,False,False,False_False,PSP,
8,embedding_mental_LR,Violation,V1,other,False,False,False_False,SPS,
8,embedding_mental_LR,Violation,V1,other,False,True,False_True,PSS,
8,embedding_mental_LR,Violation,V1,other,False,True,False_True,SPP,
8,embedding_mental_LR,Violation,V1,other,True,False,True_False,PPS,
8,embedding_mental_LR,Violation,V1,other,True,False,True_False,SSP,
8,embedding_mental_LR,Violation,V1,other,True,True,True_True,PPP,
8,embedding_mental_LR,Violation,V1,other,True,True,True_True,SSS,
8,embedding_mental_LR,Violation,V2,inner,False,False,False_False,PSP,0.12698412698412698
8,embedding_mental_LR,Violation,V2,inner,False,False,False_False,SPS,0.05952380952380952
8,embedding_mental_LR,Violation,V2,inner,False,True,False_True,PSS,0.001984126984126984
8,embedding_mental_LR,Violation,V2,inner,False,True,False_True,SPP,0.007936507936507936
8,embedding_mental_LR,Violation,V2,inner,True,False,True_False,PPS,0.057539682539682536
8,embedding_mental_LR,Violation,V2,inner,True,False,True_False,SSP,0.07142857142857142
8,embedding_mental_LR,Violation,V2,inner,True,True,True_True,PPP,0.005952380952380952
8,embedding_mental_LR,Violation,V2,inner,True,True,True_True,SSS,0.0
8,embedding_mental_SR,Violation,V1,other,False,,,PS,
8,embedding_mental_SR,Violation,V1,other,False,,,SP,
8,embedding_mental_SR,Violation,V1,other,True,,,PP,
8,embedding_mental_SR,Violation,V1,other,True,,,SS,
8,embedding_mental_SR,Violation,V2,inner,False,,,PS,0.001
8,embedding_mental_SR,Violation,V2,inner,False,,,SP,0.005
8,embedding_mental_SR,Violation,V2,inner,True,,,PP,0.001
8,embedding_mental_SR,Violation,V2,inner,True,,,SS,0.0
8,objrel,Violation,V1,inner,False,,,PS,0.508
8,objrel,Violation,V1,inner,False,,,SP,0.375
8,objrel,Violation,V1,inner,True,,,PP,0.002
8,objrel,Violation,V1,inner,True,,,SS,0.002
8,objrel,Violation,V2,outer,False,,,PS,0.38
8,objrel,Violation,V2,outer,False,,,SP,0.437
8,objrel,Violation,V2,outer,True,,,PP,0.104
8,objrel,Violation,V2,outer,True,,,SS,0.002
8,objrel_nounpp,Violation,V1,inner,False,False,False_False,PSP,0.9365079365079365
8,objrel_nounpp,Violation,V1,inner,False,False,False_False,SPS,0.5793650793650794
8,objrel_nounpp,Violation,V1,inner,False,True,False_True,PSS,0.7202380952380952
8,objrel_nounpp,Violation,V1,inner,False,True,False_True,SPP,0.27380952380952384
8,objrel_nounpp,Violation,V1,inner,True,False,True_False,PPS,0.01984126984126984
8,objrel_nounpp,Violation,V1,inner,True,False,True_False,SSP,0.05555555555555555
8,objrel_nounpp,Violation,V1,inner,True,True,True_True,PPP,0.003968253968253968
8,objrel_nounpp,Violation,V1,inner,True,True,True_True,SSS,0.001984126984126984
8,objrel_nounpp,Violation,V2,outer,False,False,False_False,PSP,0.46825396825396826
8,objrel_nounpp,Violation,V2,outer,False,False,False_False,SPS,0.35714285714285715
8,objrel_nounpp,Violation,V2,outer,False,True,False_True,PSS,0.5753968253968254
8,objrel_nounpp,Violation,V2,outer,False,True,False_True,SPP,0.3194444444444444
8,objrel_nounpp,Violation,V2,outer,True,False,True_False,PPS,0.30952380952380953
8,objrel_nounpp,Violation,V2,outer,True,False,True_False,SSP,0.03571428571428571
8,objrel_nounpp,Violation,V2,outer,True,True,True_True,PPP,0.2619047619047619
8,objrel_nounpp,Violation,V2,outer,True,True,True_True,SSS,0.025793650793650792
9,embedding_mental_LR,Violation,V1,other,False,False,False_False,PSP,
9,embedding_mental_LR,Violation,V1,other,False,False,False_False,SPS,
9,embedding_mental_LR,Violation,V1,other,False,True,False_True,PSS,
9,embedding_mental_LR,Violation,V1,other,False,True,False_True,SPP,
9,embedding_mental_LR,Violation,V1,other,True,False,True_False,PPS,
9,embedding_mental_LR,Violation,V1,other,True,False,True_False,SSP,
9,embedding_mental_LR,Violation,V1,other,True,True,True_True,PPP,
9,embedding_mental_LR,Violation,V1,other,True,True,True_True,SSS,
9,embedding_mental_LR,Violation,V2,inner,False,False,False_False,PSP,0.05952380952380952
9,embedding_mental_LR,Violation,V2,inner,False,False,False_False,SPS,0.047619047619047616
9,embedding_mental_LR,Violation,V2,inner,False,True,False_True,PSS,0.021825396825396824
9,embedding_mental_LR,Violation,V2,inner,False,True,False_True,SPP,0.005952380952380952
9,embedding_mental_LR,Violation,V2,inner,True,False,True_False,PPS,0.031746031746031744
9,embedding_mental_LR,Violation,V2,inner,True,False,True_False,SSP,0.06944444444444445
9,embedding_mental_LR,Violation,V2,inner,True,True,True_True,PPP,0.001984126984126984
9,embedding_mental_LR,Violation,V2,inner,True,True,True_True,SSS,0.00992063492063492
9,embedding_mental_SR,Violation,V1,other,False,,,PS,
9,embedding_mental_SR,Violation,V1,other,False,,,SP,
9,embedding_mental_SR,Violation,V1,other,True,,,PP,
9,embedding_mental_SR,Violation,V1,other,True,,,SS,
9,embedding_mental_SR,Violation,V2,inner,False,,,PS,0.013
9,embedding_mental_SR,Violation,V2,inner,False,,,SP,0.005
9,embedding_mental_SR,Violation,V2,inner,True,,,PP,0.001
9,embedding_mental_SR,Violation,V2,inner,True,,,SS,0.015
9,objrel,Violation,V1,inner,False,,,PS,0.458
9,objrel,Violation,V1,inner,False,,,SP,0.418
9,objrel,Violation,V1,inner,True,,,PP,0.004
9,objrel,Violation,V1,inner,True,,,SS,0.001
9,objrel,Violation,V2,outer,False,,,PS,0.314
9,objrel,Violation,V2,outer,False,,,SP,0.253
9,objrel,Violation,V2,outer,True,,,PP,0.068
9,objrel,Violation,V2,outer,True,,,SS,0.013
9,objrel_nounpp,Violation,V1,inner,False,False,False_False,PSP,0.9345238095238095
9,objrel_nounpp,Violation,V1,inner,False,False,False_False,SPS,0.6646825396825397
9,objrel_nounpp,Violation,V1,inner,False,True,False_True,PSS,0.7837301587301587
9,objrel_nounpp,Violation,V1,inner,False,True,False_True,SPP,0.4781746031746032
9,objrel_nounpp,Violation,V1,inner,True,False,True_False,PPS,0.021825396825396824
9,objrel_nounpp,Violation,V1,inner,True,False,True_False,SSP,0.03571428571428571
9,objrel_nounpp,Violation,V1,inner,True,True,True_True,PPP,0.0
9,objrel_nounpp,Violation,V1,inner,True,True,True_True,SSS,0.0
9,objrel_nounpp,Violation,V2,outer,False,False,False_False,PSP,0.30753968253968256
9,objrel_nounpp,Violation,V2,outer,False,False,False_False,SPS,0.3115079365079365
9,objrel_nounpp,Violation,V2,outer,False,True,False_True,PSS,0.30357142857142855
9,objrel_nounpp,Violation,V2,outer,False,True,False_True,SPP,0.3412698412698413
9,objrel_nounpp,Violation,V2,outer,True,False,True_False,PPS,0.18055555555555555
9,objrel_nounpp,Violation,V2,outer,True,False,True_False,SSP,0.061507936507936505
9,objrel_nounpp,Violation,V2,outer,True,True,True_True,PPP,0.12103174603174603
9,objrel_nounpp,Violation,V2,outer,True,True,True_True,SSS,0.047619047619047616
10,embedding_mental_LR,Violation,V1,other,False,False,False_False,PSP,
10,embedding_mental_LR,Violation,V1,other,False,False,False_False,SPS,
10,embedding_mental_LR,Violation,V1,other,False,True,False_True,PSS,
10,embedding_mental_LR,Violation,V1,other,False,True,False_True,SPP,
10,embedding_mental_LR,Violation,V1,other,True,False,True_False,PPS,
10,embedding_mental_LR,Violation,V1,other,True,False,True_False,SSP,
10,embedding_mental_LR,Violation,V1,other,True,True,True_True,PPP,
10,embedding_mental_LR,Violation,V1,other,True,True,True_True,SSS,
10,embedding_mental_LR,Violation,V2,inner,False,False,False_False,PSP,0.023809523809523808
10,embedding_mental_LR,Violation,V2,inner,False,False,False_False,SPS,0.003968253968253968
10,embedding_mental_LR,Violation,V2,inner,False,True,False_True,PSS,0.001984126984126984
10,embedding_mental_LR,Violation,V2,inner,False,True,False_True,SPP,0.013888888888888888
10,embedding_mental_LR,Violation,V2,inner,True,False,True_False,PPS,0.001984126984126984
10,embedding_mental_LR,Violation,V2,inner,True,False,True_False,SSP,0.003968253968253968
10,embedding_mental_LR,Violation,V2,inner,True,True,True_True,PPP,0.005952380952380952
10,embedding_mental_LR,Violation,V2,inner,True,True,True_True,SSS,0.001984126984126984
10,embedding_mental_SR,Violation,V1,other,False,,,PS,
10,embedding_mental_SR,Violation,V1,other,False,,,SP,
10,embedding_mental_SR,Violation,V1,other,True,,,PP,
10,embedding_mental_SR,Violation,V1,other,True,,,SS,
10,embedding_mental_SR,Violation,V2,inner,False,,,PS,0.006
10,embedding_mental_SR,Violation,V2,inner,False,,,SP,0.001
10,embedding_mental_SR,Violation,V2,inner,True,,,PP,0.0
10,embedding_mental_SR,Violation,V2,inner,True,,,SS,0.003
10,objrel,Violation,V1,inner,False,,,PS,0.527
10,objrel,Violation,V1,inner,False,,,SP,0.212
10,objrel,Violation,V1,inner,True,,,PP,0.0
10,objrel,Violation,V1,inner,True,,,SS,0.001
10,objrel,Violation,V2,outer,False,,,PS,0.342
10,objrel,Violation,V2,outer,False,,,SP,0.349
10,objrel,Violation,V2,outer,True,,,PP,0.261
10,objrel,Violation,V2,outer,True,,,SS,0.001
10,objrel_nounpp,Violation,V1,inner,False,False,False_False,PSP,0.7698412698412699
10,objrel_nounpp,Violation,V1,inner,False,False,False_False,SPS,0.5575396825396826
10,objrel_nounpp,Violation,V1,inner,False,True,False_True,PSS,0.621031746031746
10,objrel_nounpp,Violation,V1,inner,False,True,False_True,SPP,0.42063492063492064
10,objrel_nounpp,Violation,V1,inner,True,False,True_False,PPS,0.003968253968253968
10,objrel_nounpp,Violation,V1,inner,True,False,True_False,SSP,0.005952380952380952
10,objrel_nounpp,Violation,V1,inner,True,True,True_True,PPP,0.011904761904761904
10,objrel_nounpp,Violation,V1,inner,True,True,True_True,SSS,0.0
10,objrel_nounpp,Violation,V2,outer,False,False,False_False,PSP,0.5515873015873016
10,objrel_nounpp,Violation,V2,outer,False,False,False_False,SPS,0.3134920634920635
10,objrel_nounpp,Violation,V2,outer,False,True,False_True,PSS,0.47619047619047616
10,objrel_nounpp,Violation,V2,outer,False,True,False_True,SPP,0.2837301587301587
10,objrel_nounpp,Violation,V2,outer,True,False,True_False,PPS,0.36706349206349204
10,objrel_nounpp,Violation,V2,outer,True,False,True_False,SSP,0.017857142857142856
10,objrel_nounpp,Violation,V2,outer,True,True,True_True,PPP,0.4027777777777778
10,objrel_nounpp,Violation,V2,outer,True,True,True_True,SSS,0.00992063492063492
11,embedding_mental_LR,Violation,V1,other,False,False,False_False,PSP,
11,embedding_mental_LR,Violation,V1,other,False,False,False_False,SPS,
11,embedding_mental_LR,Violation,V1,other,False,True,False_True,PSS,
11,embedding_mental_LR,Violation,V1,other,False,True,False_True,SPP,
11,embedding_mental_LR,Violation,V1,other,True,False,True_False,PPS,
11,embedding_mental_LR,Violation,V1,other,True,False,True_False,SSP,
11,embedding_mental_LR,Violation,V1,other,True,True,True_True,PPP,
11,embedding_mental_LR,Violation,V1,other,True,True,True_True,SSS,
11,embedding_mental_LR,Violation,V2,inner,False,False,False_False,PSP,0.08531746031746032
11,embedding_mental_LR,Violation,V2,inner,False,False,False_False,SPS,0.05952380952380952
11,embedding_mental_LR,Violation,V2,inner,False,True,False_True,PSS,0.003968253968253968
11,embedding_mental_LR,Violation,V2,inner,False,True,False_True,SPP,0.003968253968253968
11,embedding_mental_LR,Violation,V2,inner,True,False,True_False,PPS,0.06349206349206349
11,embedding_mental_LR,Violation,V2,inner,True,False,True_False,SSP,0.06746031746031746
11,embedding_mental_LR,Violation,V2,inner,True,True,True_True,PPP,0.003968253968253968
11,embedding_mental_LR,Violation,V2,inner,True,True,True_True,SSS,0.005952380952380952
11,embedding_mental_SR,Violation,V1,other,False,,,PS,
11,embedding_mental_SR,Violation,V1,other,False,,,SP,
11,embedding_mental_SR,Violation,V1,other,True,,,PP,
11,embedding_mental_SR,Violation,V1,other,True,,,SS,
11,embedding_mental_SR,Violation,V2,inner,False,,,PS,0.0
11,embedding_mental_SR,Violation,V2,inner,False,,,SP,0.007
11,embedding_mental_SR,Violation,V2,inner,True,,,PP,0.001
11,embedding_mental_SR,Violation,V2,inner,True,,,SS,0.0
11,objrel,Violation,V1,inner,False,,,PS,0.55
11,objrel,Violation,V1,inner,False,,,SP,0.569
11,objrel,Violation,V1,inner,True,,,PP,0.001
11,objrel,Violation,V1,inner,True,,,SS,0.0
11,objrel,Violation,V2,outer,False,,,PS,0.372
11,objrel,Violation,V2,outer,False,,,SP,0.278
11,objrel,Violation,V2,outer,True,,,PP,0.065
11,objrel,Violation,V2,outer,True,,,SS,0.001
11,objrel_nounpp,Violation,V1,inner,False,False,False_False,PSP,0.9107142857142857
11,objrel_nounpp,Violation,V1,inner,False,False,False_False,SPS,0.7956349206349206
11,objrel_nounpp,Violation,V1,inner,False,True,False_True,PSS,0.7757936507936508
11,objrel_nounpp,Violation,V1,inner,False,True,False_True,SPP,0.6607142857142857
11,objrel_nounpp,Violation,V1,inner,True,False,True_False,PPS,0.01984126984126984
11,objrel_nounpp,Violation,V1,inner,True,False,True_False,SSP,0.031746031746031744
11,objrel_nounpp,Violation,V1,inner,True,True,True_True,PPP,0.007936507936507936
11,objrel_nounpp,Violation,V1,inner,True,True,True_True,SSS,0.0
11,objrel_nounpp,Violation,V2,outer,False,False,False_False,PSP,0.39087301587301587
11,objrel_nounpp,Violation,V2,outer,False,False,False_False,SPS,0.15674603174603174
11,objrel_nounpp,Violation,V2,outer,False,True,False_True,PSS,0.43253968253968256
11,objrel_nounpp,Violation,V2,outer,False,True,False_True,SPP,0.18452380952380953
11,objrel_nounpp,Violation,V2,outer,True,False,True_False,PPS,0.19047619047619047
11,objrel_nounpp,Violation,V2,outer,True,False,True_False,SSP,0.021825396825396824
11,objrel_nounpp,Violation,V2,outer,True,True,True_True,PPP,0.20436507936507936
11,objrel_nounpp,Violation,V2,outer,True,True,True_True,SSS,0.011904761904761904
12,embedding_mental_LR,Violation,V1,other,False,False,False_False,PSP,
12,embedding_mental_LR,Violation,V1,other,False,False,False_False,SPS,
12,embedding_mental_LR,Violation,V1,other,False,True,False_True,PSS,
12,embedding_mental_LR,Violation,V1,other,False,True,False_True,SPP,
12,embedding_mental_LR,Violation,V1,other,True,False,True_False,PPS,
12,embedding_mental_LR,Violation,V1,other,True,False,True_False,SSP,
12,embedding_mental_LR,Violation,V1,other,True,True,True_True,PPP,
12,embedding_mental_LR,Violation,V1,other,True,True,True_True,SSS,
12,embedding_mental_LR,Violation,V2,inner,False,False,False_False,PSP,0.03968253968253968
12,embedding_mental_LR,Violation,V2,inner,False,False,False_False,SPS,0.10119047619047619
12,embedding_mental_LR,Violation,V2,inner,False,True,False_True,PSS,0.003968253968253968
12,embedding_mental_LR,Violation,V2,inner,False,True,False_True,SPP,0.007936507936507936
12,embedding_mental_LR,Violation,V2,inner,True,False,True_False,PPS,0.07936507936507936
12,embedding_mental_LR,Violation,V2,inner,True,False,True_False,SSP,0.00992063492063492
12,embedding_mental_LR,Violation,V2,inner,True,True,True_True,PPP,0.007936507936507936
12,embedding_mental_LR,Violation,V2,inner,True,True,True_True,SSS,0.0
12,embedding_mental_SR,Violation,V1,other,False,,,PS,
12,embedding_mental_SR,Violation,V1,other,False,,,SP,
12,embedding_mental_SR,Violation,V1,other,True,,,PP,
12,embedding_mental_SR,Violation,V1,other,True,,,SS,
12,embedding_mental_SR,Violation,V2,inner,False,,,PS,0.0
12,embedding_mental_SR,Violation,V2,inner,False,,,SP,0.0
12,embedding_mental_SR,Violation,V2,inner,True,,,PP,0.0
12,embedding_mental_SR,Violation,V2,inner,True,,,SS,0.0
12,objrel,Violation,V1,inner,False,,,PS,0.402
12,objrel,Violation,V1,inner,False,,,SP,0.378
12,objrel,Violation,V1,inner,True,,,PP,0.002
12,objrel,Violation,V1,inner,True,,,SS,0.001
12,objrel,Violation,V2,outer,False,,,PS,0.389
12,objrel,Violation,V2,outer,False,,,SP,0.363
12,objrel,Violation,V2,outer,True,,,PP,0.128
12,objrel,Violation,V2,outer,True,,,SS,0.001
12,objrel_nounpp,Violation,V1,inner,False,False,False_False,PSP,0.8869047619047619
12,objrel_nounpp,Violation,V1,inner,False,False,False_False,SPS,0.6349206349206349
12,objrel_nounpp,Violation,V1,inner,False,True,False_True,PSS,0.6805555555555556
12,objrel_nounpp,Violation,V1,inner,False,True,False_True,SPP,0.2996031746031746
12,objrel_nounpp,Violation,V1,inner,True,False,True_False,PPS,0.031746031746031744
12,objrel_nounpp,Violation,V1,inner,True,False,True_False,SSP,0.031746031746031744
12,objrel_nounpp,Violation,V1,inner,True,True,True_True,PPP,0.025793650793650792
12,objrel_nounpp,Violation,V1,inner,True,True,True_True,SSS,0.0
12,objrel_nounpp,Violation,V2,outer,False,False,False_False,PSP,0.39087301587301587
12,objrel_nounpp,Violation,V2,outer,False,False,False_False,SPS,0.30158730158730157
12,objrel_nounpp,Violation,V2,outer,False,True,False_True,PSS,0.4305555555555556
12,objrel_nounpp,Violation,V2,outer,False,True,False_True,SPP,0.2916666666666667
12,objrel_nounpp,Violation,V2,outer,True,False,True_False,PPS,0.24404761904761904
12,objrel_nounpp,Violation,V2,outer,True,False,True_False,SSP,0.015873015873015872
12,objrel_nounpp,Violation,V2,outer,True,True,True_True,PPP,0.22420634920634921
12,objrel_nounpp,Violation,V2,outer,True,True,True_True,SSS,0.005952380952380952
13,embedding_mental_LR,Violation,V1,other,False,False,False_False,PSP,
13,embedding_mental_LR,Violation,V1,other,False,False,False_False,SPS,
13,embedding_mental_LR,Violation,V1,other,False,True,False_True,PSS,
13,embedding_mental_LR,Violation,V1,other,False,True,False_True,SPP,
13,embedding_mental_LR,Violation,V1,other,True,False,True_False,PPS,
13,embedding_mental_LR,Violation,V1,other,True,False,True_False,SSP,
13,embedding_mental_LR,Violation,V1,other,True,True,True_True,PPP,
13,embedding_mental_LR,Violation,V1,other,True,True,True_True,SSS,
13,embedding_mental_LR,Violation,V2,inner,False,False,False_False,PSP,0.0496031746031746
13,embedding_mental_LR,Violation,V2,inner,False,False,False_False,SPS,0.027777777777777776
13,embedding_mental_LR,Violation,V2,inner,False,True,False_True,PSS,0.011904761904761904
13,embedding_mental_LR,Violation,V2,inner,False,True,False_True,SPP,0.011904761904761904
13,embedding_mental_LR,Violation,V2,inner,True,False,True_False,PPS,0.021825396825396824
13,embedding_mental_LR,Violation,V2,inner,True,False,True_False,SSP,0.017857142857142856
13,embedding_mental_LR,Violation,V2,inner,True,True,True_True,PPP,0.003968253968253968
13,embedding_mental_LR,Violation,V2,inner,True,True,True_True,SSS,0.003968253968253968
13,embedding_mental_SR,Violation,V1,other,False,,,PS,
13,embedding_mental_SR,Violation,V1,other,False,,,SP,
13,embedding_mental_SR,Violation,V1,other,True,,,PP,
13,embedding_mental_SR,Violation,V1,other,True,,,SS,
13,embedding_mental_SR,Violation,V2,inner,False,,,PS,0.003
13,embedding_mental_SR,Violation,V2,inner,False,,,SP,0.002
13,embedding_mental_SR,Violation,V2,inner,True,,,PP,0.0
13,embedding_mental_SR,Violation,V2,inner,True,,,SS,0.002
13,objrel,Violation,V1,inner,False,,,PS,0.328
13,objrel,Violation,V1,inner,False,,,SP,0.434
13,objrel,Violation,V1,inner,True,,,PP,0.002
13,objrel,Violation,V1,inner,True,,,SS,0.001
13,objrel,Violation,V2,outer,False,,,PS,0.576
13,objrel,Violation,V2,outer,False,,,SP,0.292
13,objrel,Violation,V2,outer,True,,,PP,0.146
13,objrel,Violation,V2,outer,True,,,SS,0.009
13,objrel_nounpp,Violation,V1,inner,False,False,False_False,PSP,0.9563492063492064
13,objrel_nounpp,Violation,V1,inner,False,False,False_False,SPS,0.7857142857142857
13,objrel_nounpp,Violation,V1,inner,False,True,False_True,PSS,0.8214285714285714
13,objrel_nounpp,Violation,V1,inner,False,True,False_True,SPP,0.5952380952380952
13,objrel_nounpp,Violation,V1,inner,True,False,True_False,PPS,0.011904761904761904
13,objrel_nounpp,Violation,V1,inner,True,False,True_False,SSP,0.047619047619047616
13,objrel_nounpp,Violation,V1,inner,True,True,True_True,PPP,0.0
13,objrel_nounpp,Violation,V1,inner,True,True,True_True,SSS,0.0
13,objrel_nounpp,Violation,V2,outer,False,False,False_False,PSP,0.4027777777777778
13,objrel_nounpp,Violation,V2,outer,False,False,False_False,SPS,0.18055555555555555
13,objrel_nounpp,Violation,V2,outer,False,True,False_True,PSS,0.4166666666666667
13,objrel_nounpp,Violation,V2,outer,False,True,False_True,SPP,0.1527777777777778
13,objrel_nounpp,Violation,V2,outer,True,False,True_False,PPS,0.2777777777777778
13,objrel_nounpp,Violation,V2,outer,True,False,True_False,SSP,0.047619047619047616
13,objrel_nounpp,Violation,V2,outer,True,True,True_True,PPP,0.23412698412698413
13,objrel_nounpp,Violation,V2,outer,True,True,True_True,SSS,0.027777777777777776
14,embedding_mental_LR,Violation,V1,other,False,False,False_False,PSP,
14,embedding_mental_LR,Violation,V1,other,False,False,False_False,SPS,
14,embedding_mental_LR,Violation,V1,other,False,True,False_True,PSS,
14,embedding_mental_LR,Violation,V1,other,False,True,False_True,SPP,
14,embedding_mental_LR,Violation,V1,other,True,False,True_False,PPS,
14,embedding_mental_LR,Violation,V1,other,True,False,True_False,SSP,
14,embedding_mental_LR,Violation,V1,other,True,True,True_True,PPP,
14,embedding_mental_LR,Violation,V1,other,True,True,True_True,SSS,
14,embedding_mental_LR,Violation,V2,inner,False,False,False_False,PSP,0.06547619047619048
14,embedding_mental_LR,Violation,V2,inner,False,False,False_False,SPS,0.057539682539682536
14,embedding_mental_LR,Violation,V2,inner,False,True,False_True,PSS,0.005952380952380952
14,embedding_mental_LR,Violation,V2,inner,False,True,False_True,SPP,0.001984126984126984
14,embedding_mental_LR,Violation,V2,inner,True,False,True_False,PPS,0.057539682539682536
14,embedding_mental_LR,Violation,V2,inner,True,False,True_False,SSP,0.017857142857142856
14,embedding_mental_LR,Violation,V2,inner,True,True,True_True,PPP,0.011904761904761904
14,embedding_mental_LR,Violation,V2,inner,True,True,True_True,SSS,0.0
14,embedding_mental_SR,Violation,V1,other,False,,,PS,
14,embedding_mental_SR,Violation,V1,other,False,,,SP,
14,embedding_mental_SR,Violation,V1,other,True,,,PP,
14,embedding_mental_SR,Violation,V1,other,True,,,SS,
14,embedding_mental_SR,Violation,V2,inner,False,,,PS,0.011
14,embedding_mental_SR,Violation,V2,inner,False,,,SP,0.0
14,embedding_mental_SR,Violation,V2,inner,True,,,PP,0.0
14,embedding_mental_SR,Violation,V2,inner,True,,,SS,0.007
14,objrel,Violation,V1,inner,False,,,PS,0.662
14,objrel,Violation,V1,inner,False,,,SP,0.247
14,objrel,Violation,V1,inner,True,,,PP,0.0
14,objrel,Violation,V1,inner,True,,,SS,0.004
14,objrel,Violation,V2,outer,False,,,PS,0.298
14,objrel,Violation,V2,outer,False,,,SP,0.304
14,objrel,Violation,V2,outer,True,,,PP,0.135
14,objrel,Violation,V2,outer,True,,,SS,0.001
14,objrel_nounpp,Violation,V1,inner,False,False,False_False,PSP,0.9880952380952381
14,objrel_nounpp,Violation,V1,inner,False,False,False_False,SPS,0.45634920634920634
14,objrel_nounpp,Violation,V1,inner,False,True,False_True,PSS,0.9384920634920635
14,objrel_nounpp,Violation,V1,inner,False,True,False_True,SPP,0.3194444444444444
14,objrel_nounpp,Violation,V1,inner,True,False,True_False,PPS,0.023809523809523808
14,objrel_nounpp,Violation,V1,inner,True,False,True_False,SSP,0.023809523809523808
14,objrel_nounpp,Violation,V1,inner,True,True,True_True,PPP,0.015873015873015872
14,objrel_nounpp,Violation,V1,inner,True,True,True_True,SSS,0.0
14,objrel_nounpp,Violation,V2,outer,False,False,False_False,PSP,0.5198412698412699
14,objrel_nounpp,Violation,V2,outer,False,False,False_False,SPS,0.21825396825396826
14,objrel_nounpp,Violation,V2,outer,False,True,False_True,PSS,0.4781746031746032
14,objrel_nounpp,Violation,V2,outer,False,True,False_True,SPP,0.21428571428571427
14,objrel_nounpp,Violation,V2,outer,True,False,True_False,PPS,0.33134920634920634
14,objrel_nounpp,Violation,V2,outer,True,False,True_False,SSP,0.017857142857142856
14,objrel_nounpp,Violation,V2,outer,True,True,True_True,PPP,0.35912698412698413
14,objrel_nounpp,Violation,V2,outer,True,True,True_True,SSS,0.003968253968253968
15,embedding_mental_LR,Violation,V1,other,False,False,False_False,PSP,
15,embedding_mental_LR,Violation,V1,other,False,False,False_False,SPS,
15,embedding_mental_LR,Violation,V1,other,False,True,False_True,PSS,
15,embedding_mental_LR,Violation,V1,other,False,True,False_True,SPP,
15,embedding_mental_LR,Violation,V1,other,True,False,True_False,PPS,
15,embedding_mental_LR,Violation,V1,other,True,False,True_False,SSP,
15,embedding_mental_LR,Violation,V1,other,True,True,True_True,PPP,
15,embedding_mental_LR,Violation,V1,other,True,True,True_True,SSS,
15,embedding_mental_LR,Violation,V2,inner,False,False,False_False,PSP,0.10714285714285714
15,embedding_mental_LR,Violation,V2,inner,False,False,False_False,SPS,0.061507936507936505
15,embedding_mental_LR,Violation,V2,inner,False,True,False_True,PSS,0.005952380952380952
15,embedding_mental_LR,Violation,V2,inner,False,True,False_True,SPP,0.025793650793650792
15,embedding_mental_LR,Violation,V2,inner,True,False,True_False,PPS,0.06349206349206349
15,embedding_mental_LR,Violation,V2,inner,True,False,True_False,SSP,0.05555555555555555
15,embedding_mental_LR,Violation,V2,inner,True,True,True_True,PPP,0.015873015873015872
15,embedding_mental_LR,Violation,V2,inner,True,True,True_True,SSS,0.001984126984126984
15,embedding_mental_SR,Violation,V1,other,False,,,PS,
15,embedding_mental_SR,Violation,V1,other,False,,,SP,
15,embedding_mental_SR,Violation,V1,other,True,,,PP,
15,embedding_mental_SR,Violation,V1,other,True,,,SS,
15,embedding_mental_SR,Violation,V2,inner,False,,,PS,0.003
15,embedding_mental_SR,Violation,V2,inner,False,,,SP,0.008
15,embedding_mental_SR,Violation,V2,inner,True,,,PP,0.0
15,embedding_mental_SR,Violation,V2,inner,True,,,SS,0.0
15,objrel,Violation,V1,inner,False,,,PS,0.446
15,objrel,Violation,V1,inner,False,,,SP,0.149
15,objrel,Violation,V1,inner,True,,,PP,0.0
15,objrel,Violation,V1,inner,True,,,SS,0.0
15,objrel,Violation,V2,outer,False,,,PS,0.471
15,objrel,Violation,V2,outer,False,,,SP,0.467
15,objrel,Violation,V2,outer,True,,,PP,0.089
15,objrel,Violation,V2,outer,True,,,SS,0.008
15,objrel_nounpp,Violation,V1,inner,False,False,False_False,PSP,0.9325396825396826
15,objrel_nounpp,Violation,V1,inner,False,False,False_False,SPS,0.4365079365079365
15,objrel_nounpp,Violation,V1,inner,False,True,False_True,PSS,0.7857142857142857
15,objrel_nounpp,Violation,V1,inner,False,True,False_True,SPP,0.2361111111111111
15,objrel_nounpp,Violation,V1,inner,True,False,True_False,PPS,0.005952380952380952
15,objrel_nounpp,Violation,V1,inner,True,False,True_False,SSP,0.023809523809523808
15,objrel_nounpp,Violation,V1,inner,True,True,True_True,PPP,0.005952380952380952
15,objrel_nounpp,Violation,V1,inner,True,True,True_True,SSS,0.0
15,objrel_nounpp,Violation,V2,outer,False,False,False_False,PSP,0.5436507936507936
15,objrel_nounpp,Violation,V2,outer,False,False,False_False,SPS,0.4087301587301587
15,objrel_nounpp,Violation,V2,outer,False,True,False_True,PSS,0.5734126984126984
15,objrel_nounpp,Violation,V2,outer,False,True,False_True,SPP,0.29365079365079366
15,objrel_nounpp,Violation,V2,outer,True,False,True_False,PPS,0.20238095238095238
15,objrel_nounpp,Violation,V2,outer,True,False,True_False,SSP,0.04365079365079365
15,objrel_nounpp,Violation,V2,outer,True,True,True_True,PPP,0.27380952380952384
15,objrel_nounpp,Violation,V2,outer,True,True,True_True,SSS,0.025793650793650792
16,embedding_mental_LR,Violation,V1,other,False,False,False_False,PSP,
16,embedding_mental_LR,Violation,V1,other,False,False,False_False,SPS,
16,embedding_mental_LR,Violation,V1,other,False,True,False_True,PSS,
16,embedding_mental_LR,Violation,V1,other,False,True,False_True,SPP,
16,embedding_mental_LR,Violation,V1,other,True,False,True_False,PPS,
16,embedding_mental_LR,Violation,V1,other,True,False,True_False,SSP,
16,embedding_mental_LR,Violation,V1,other,True,True,True_True,PPP,
16,embedding_mental_LR,Violation,V1,other,True,True,True_True,SSS,
16,embedding_mental_LR,Violation,V2,inner,False,False,False_False,PSP,0.06547619047619048
16,embedding_mental_LR,Violation,V2,inner,False,False,False_False,SPS,0.061507936507936505
16,embedding_mental_LR,Violation,V2,inner,False,True,False_True,PSS,0.027777777777777776
16,embedding_mental_LR,Violation,V2,inner,False,True,False_True,SPP,0.015873015873015872
16,embedding_mental_LR,Violation,V2,inner,True,False,True_False,PPS,0.06746031746031746
16,embedding_mental_LR,Violation,V2,inner,True,False,True_False,SSP,0.047619047619047616
16,embedding_mental_LR,Violation,V2,inner,True,True,True_True,PPP,0.003968253968253968
16,embedding_mental_LR,Violation,V2,inner,True,True,True_True,SSS,0.015873015873015872
16,embedding_mental_SR,Violation,V1,other,False,,,PS,
16,embedding_mental_SR,Violation,V1,other,False,,,SP,
16,embedding_mental_SR,Violation,V1,other,True,,,PP,
16,embedding_mental_SR,Violation,V1,other,True,,,SS,
16,embedding_mental_SR,Violation,V2,inner,False,,,PS,0.018
16,embedding_mental_SR,Violation,V2,inner,False,,,SP,0.003
16,embedding_mental_SR,Violation,V2,inner,True,,,PP,0.0
16,embedding_mental_SR,Violation,V2,inner,True,,,SS,0.008
16,objrel,Violation,V1,inner,False,,,PS,0.564
16,objrel,Violation,V1,inner,False,,,SP,0.147
16,objrel,Violation,V1,inner,True,,,PP,0.0
16,objrel,Violation,V1,inner,True,,,SS,0.007
16,objrel,Violation,V2,outer,False,,,PS,0.409
16,objrel,Violation,V2,outer,False,,,SP,0.474
16,objrel,Violation,V2,outer,True,,,PP,0.081
16,objrel,Violation,V2,outer,True,,,SS,0.003
16,objrel_nounpp,Violation,V1,inner,False,False,False_False,PSP,0.8928571428571429
16,objrel_nounpp,Violation,V1,inner,False,False,False_False,SPS,0.5813492063492064
16,objrel_nounpp,Violation,V1,inner,False,True,False_True,PSS,0.7777777777777778
16,objrel_nounpp,Violation,V1,inner,False,True,False_True,SPP,0.40476190476190477
16,objrel_nounpp,Violation,V1,inner,True,False,True_False,PPS,0.023809523809523808
16,objrel_nounpp,Violation,V1,inner,True,False,True_False,SSP,0.06349206349206349
16,objrel_nounpp,Violation,V1,inner,True,True,True_True,PPP,0.003968253968253968
16,objrel_nounpp,Violation,V1,inner,True,True,True_True,SSS,0.003968253968253968
16,objrel_nounpp,Violation,V2,outer,False,False,False_False,PSP,0.2757936507936508
16,objrel_nounpp,Violation,V2,outer,False,False,False_False,SPS,0.31547619047619047
16,objrel_nounpp,Violation,V2,outer,False,True,False_True,PSS,0.3611111111111111
16,objrel_nounpp,Violation,V2,outer,False,True,False_True,SPP,0.35119047619047616
16,objrel_nounpp,Violation,V2,outer,True,False,True_False,PPS,0.18452380952380953
16,objrel_nounpp,Violation,V2,outer,True,False,True_False,SSP,0.021825396825396824
16,objrel_nounpp,Violation,V2,outer,True,True,True_True,PPP,0.1527777777777778
16,objrel_nounpp,Violation,V2,outer,True,True,True_True,SSS,0.005952380952380952
17,embedding_mental_LR,Violation,V1,other,False,False,False_False,PSP,
17,embedding_mental_LR,Violation,V1,other,False,False,False_False,SPS,
17,embedding_mental_LR,Violation,V1,other,False,True,False_True,PSS,
17,embedding_mental_LR,Violation,V1,other,False,True,False_True,SPP,
17,embedding_mental_LR,Violation,V1,other,True,False,True_False,PPS,
17,embedding_mental_LR,Violation,V1,other,True,False,True_False,SSP,
17,embedding_mental_LR,Violation,V1,other,True,True,True_True,PPP,
17,embedding_mental_LR,Violation,V1,other,True,True,True_True,SSS,
17,embedding_mental_LR,Violation,V2,inner,False,False,False_False,PSP,0.02976190476190476
17,embedding_mental_LR,Violation,V2,inner,False,False,False_False,SPS,0.031746031746031744
17,embedding_mental_LR,Violation,V2,inner,False,True,False_True,PSS,0.013888888888888888
17,embedding_mental_LR,Violation,V2,inner,False,True,False_True,SPP,0.005952380952380952
17,embedding_mental_LR,Violation,V2,inner,True,False,True_False,PPS,0.03571428571428571
17,embedding_mental_LR,Violation,V2,inner,True,False,True_False,SSP,0.025793650793650792
17,embedding_mental_LR,Violation,V2,inner,True,True,True_True,PPP,0.005952380952380952
17,embedding_mental_LR,Violation,V2,inner,True,True,True_True,SSS,0.015873015873015872
17,embedding_mental_SR,Violation,V1,other,False,,,PS,
17,embedding_mental_SR,Violation,V1,other,False,,,SP,
17,embedding_mental_SR,Violation,V1,other,True,,,PP,
17,embedding_mental_SR,Violation,V1,other,True,,,SS,
17,embedding_mental_SR,Violation,V2,inner,False,,,PS,0.017
17,embedding_mental_SR,Violation,V2,inner,False,,,SP,0.004
17,embedding_mental_SR,Violation,V2,inner,True,,,PP,0.003
17,embedding_mental_SR,Violation,V2,inner,True,,,SS,0.011
17,objrel,Violation,V1,inner,False,,,PS,0.371
17,objrel,Violation,V1,inner,False,,,SP,0.328
17,objrel,Violation,V1,inner,True,,,PP,0.01
17,objrel,Violation,V1,inner,True,,,SS,0.007
17,objrel,Violation,V2,outer,False,,,PS,0.462
17,objrel,Violation,V2,outer,False,,,SP,0.434
17,objrel,Violation,V2,outer,True,,,PP,0.135
17,objrel,Violation,V2,outer,True,,,SS,0.001
17,objrel_nounpp,Violation,V1,inner,False,False,False_False,PSP,0.9742063492063492
17,objrel_nounpp,Violation,V1,inner,False,False,False_False,SPS,0.5813492063492064
17,objrel_nounpp,Violation,V1,inner,False,True,False_True,PSS,0.753968253968254
17,objrel_nounpp,Violation,V1,inner,False,True,False_True,SPP,0.3333333333333333
17,objrel_nounpp,Violation,V1,inner,True,False,True_False,PPS,0.03373015873015873
17,objrel_nounpp,Violation,V1,inner,True,False,True_False,SSP,0.027777777777777776
17,objrel_nounpp,Violation,V1,inner,True,True,True_True,PPP,0.017857142857142856
17,objrel_nounpp,Violation,V1,inner,True,True,True_True,SSS,0.001984126984126984
17,objrel_nounpp,Violation,V2,outer,False,False,False_False,PSP,0.3611111111111111
17,objrel_nounpp,Violation,V2,outer,False,False,False_False,SPS,0.35119047619047616
17,objrel_nounpp,Violation,V2,outer,False,True,False_True,PSS,0.42658730158730157
17,objrel_nounpp,Violation,V2,outer,False,True,False_True,SPP,0.32936507936507936
17,objrel_nounpp,Violation,V2,outer,True,False,True_False,PPS,0.18253968253968253
17,objrel_nounpp,Violation,V2,outer,True,False,True_False,SSP,0.021825396825396824
17,objrel_nounpp,Violation,V2,outer,True,True,True_True,PPP,0.19642857142857142
17,objrel_nounpp,Violation,V2,outer,True,True,True_True,SSS,0.007936507936507936
18,embedding_mental_LR,Violation,V1,other,False,False,False_False,PSP,
18,embedding_mental_LR,Violation,V1,other,False,False,False_False,SPS,
18,embedding_mental_LR,Violation,V1,other,False,True,False_True,PSS,
18,embedding_mental_LR,Violation,V1,other,False,True,False_True,SPP,
18,embedding_mental_LR,Violation,V1,other,True,False,True_False,PPS,
18,embedding_mental_LR,Violation,V1,other,True,False,True_False,SSP,
18,embedding_mental_LR,Violation,V1,other,True,True,True_True,PPP,
18,embedding_mental_LR,Violation,V1,other,True,True,True_True,SSS,
18,embedding_mental_LR,Violation,V2,inner,False,False,False_False,PSP,0.025793650793650792
18,embedding_mental_LR,Violation,V2,inner,False,False,False_False,SPS,0.047619047619047616
18,embedding_mental_LR,Violation,V2,inner,False,True,False_True,PSS,0.001984126984126984
18,embedding_mental_LR,Violation,V2,inner,False,True,False_True,SPP,0.007936507936507936
18,embedding_mental_LR,Violation,V2,inner,True,False,True_False,PPS,0.04365079365079365
18,embedding_mental_LR,Violation,V2,inner,True,False,True_False,SSP,0.011904761904761904
18,embedding_mental_LR,Violation,V2,inner,True,True,True_True,PPP,0.005952380952380952
18,embedding_mental_LR,Violation,V2,inner,True,True,True_True,SSS,0.007936507936507936
18,embedding_mental_SR,Violation,V1,other,False,,,PS,
18,embedding_mental_SR,Violation,V1,other,False,,,SP,
18,embedding_mental_SR,Violation,V1,other,True,,,PP,
18,embedding_mental_SR,Violation,V1,other,True,,,SS,
18,embedding_mental_SR,Violation,V2,inner,False,,,PS,0.001
18,embedding_mental_SR,Violation,V2,inner,False,,,SP,0.003
18,embedding_mental_SR,Violation,V2,inner,True,,,PP,0.001
18,embedding_mental_SR,Violation,V2,inner,True,,,SS,0.001
18,objrel,Violation,V1,inner,False,,,PS,0.243
18,objrel,Violation,V1,inner,False,,,SP,0.393
18,objrel,Violation,V1,inner,True,,,PP,0.003
18,objrel,Violation,V1,inner,True,,,SS,0.0
18,objrel,Violation,V2,outer,False,,,PS,0.314
18,objrel,Violation,V2,outer,False,,,SP,0.353
18,objrel,Violation,V2,outer,True,,,PP,0.172
18,objrel,Violation,V2,outer,True,,,SS,0.004
18,objrel_nounpp,Violation,V1,inner,False,False,False_False,PSP,0.8075396825396826
18,objrel_nounpp,Violation,V1,inner,False,False,False_False,SPS,0.6884920634920635
18,objrel_nounpp,Violation,V1,inner,False,True,False_True,PSS,0.6944444444444444
18,objrel_nounpp,Violation,V1,inner,False,True,False_True,SPP,0.5257936507936508
18,objrel_nounpp,Violation,V1,inner,True,False,True_False,PPS,0.025793650793650792
18,objrel_nounpp,Violation,V1,inner,True,False,True_False,SSP,0.01984126984126984
18,objrel_nounpp,Violation,V1,inner,True,True,True_True,PPP,0.021825396825396824
18,objrel_nounpp,Violation,V1,inner,True,True,True_True,SSS,0.0
18,objrel_nounpp,Violation,V2,outer,False,False,False_False,PSP,0.498015873015873
18,objrel_nounpp,Violation,V2,outer,False,False,False_False,SPS,0.17063492063492064
18,objrel_nounpp,Violation,V2,outer,False,True,False_True,PSS,0.5416666666666666
18,objrel_nounpp,Violation,V2,outer,False,True,False_True,SPP,0.16468253968253968
18,objrel_nounpp,Violation,V2,outer,True,False,True_False,PPS,0.44047619047619047
18,objrel_nounpp,Violation,V2,outer,True,False,True_False,SSP,0.021825396825396824
18,objrel_nounpp,Violation,V2,outer,True,True,True_True,PPP,0.4166666666666667
18,objrel_nounpp,Violation,V2,outer,True,True,True_True,SSS,0.001984126984126984
1111,embedding_mental_LR,Violation,V1,other,False,False,False_False,PSP,
1111,embedding_mental_LR,Violation,V1,other,False,False,False_False,SPS,
1111,embedding_mental_LR,Violation,V1,other,False,True,False_True,PSS,
1111,embedding_mental_LR,Violation,V1,other,False,True,False_True,SPP,
1111,embedding_mental_LR,Violation,V1,other,True,False,True_False,PPS,
1111,embedding_mental_LR,Violation,V1,other,True,False,True_False,SSP,
1111,embedding_mental_LR,Violation,V1,other,True,True,True_True,PPP,
1111,embedding_mental_LR,Violation,V1,other,True,True,True_True,SSS,
1111,embedding_mental_LR,Violation,V2,inner,False,False,False_False,PSP,0.00992063492063492
1111,embedding_mental_LR,Violation,V2,inner,False,False,False_False,SPS,0.07738095238095238
1111,embedding_mental_LR,Violation,V2,inner,False,True,False_True,PSS,0.0
1111,embedding_mental_LR,Violation,V2,inner,False,True,False_True,SPP,0.007936507936507936
1111,embedding_mental_LR,Violation,V2,inner,True,False,True_False,PPS,0.07142857142857142
1111,embedding_mental_LR,Violation,V2,inner,True,False,True_False,SSP,0.01984126984126984
1111,embedding_mental_LR,Violation,V2,inner,True,True,True_True,PPP,0.011904761904761904
1111,embedding_mental_LR,Violation,V2,inner,True,True,True_True,SSS,0.0
1111,embedding_mental_SR,Violation,V1,other,False,,,PS,
1111,embedding_mental_SR,Violation,V1,other,False,,,SP,
1111,embedding_mental_SR,Violation,V1,other,True,,,PP,
1111,embedding_mental_SR,Violation,V1,other,True,,,SS,
1111,embedding_mental_SR,Violation,V2,inner,False,,,PS,0.0
1111,embedding_mental_SR,Violation,V2,inner,False,,,SP,0.014
1111,embedding_mental_SR,Violation,V2,inner,True,,,PP,0.01
1111,embedding_mental_SR,Violation,V2,inner,True,,,SS,0.0
1111,objrel,Violation,V1,inner,False,,,PS,0.356
1111,objrel,Violation,V1,inner,False,,,SP,0.472
1111,objrel,Violation,V1,inner,True,,,PP,0.0
1111,objrel,Violation,V1,inner,True,,,SS,0.003
1111,objrel,Violation,V2,outer,False,,,PS,0.184
1111,objrel,Violation,V2,outer,False,,,SP,0.163
1111,objrel,Violation,V2,outer,True,,,PP,0.066
1111,objrel,Violation,V2,outer,True,,,SS,0.001
1111,objrel_nounpp,Violation,V1,inner,False,False,False_False,PSP,0.9563492063492064
1111,objrel_nounpp,Violation,V1,inner,False,False,False_False,SPS,0.9642857142857143
1111,objrel_nounpp,Violation,V1,inner,False,True,False_True,PSS,0.7916666666666666
1111,objrel_nounpp,Violation,V1,inner,False,True,False_True,SPP,0.8809523809523809
1111,objrel_nounpp,Violation,V1,inner,True,False,True_False,PPS,0.015873015873015872
1111,objrel_nounpp,Violation,V1,inner,True,False,True_False,SSP,0.005952380952380952
1111,objrel_nounpp,Violation,V1,inner,True,True,True_True,PPP,0.001984126984126984
1111,objrel_nounpp,Violation,V1,inner,True,True,True_True,SSS,0.0
1111,objrel_nounpp,Violation,V2,outer,False,False,False_False,PSP,0.2619047619047619
1111,objrel_nounpp,Violation,V2,outer,False,False,False_False,SPS,0.0992063492063492
1111,objrel_nounpp,Violation,V2,outer,False,True,False_True,PSS,0.31746031746031744
1111,objrel_nounpp,Violation,V2,outer,False,True,False_True,SPP,0.1111111111111111
1111,objrel_nounpp,Violation,V2,outer,True,False,True_False,PPS,0.25
1111,objrel_nounpp,Violation,V2,outer,True,False,True_False,SSP,0.011904761904761904
1111,objrel_nounpp,Violation,V2,outer,True,True,True_True,PPP,0.1865079365079365
1111,objrel_nounpp,Violation,V2,outer,True,True,True_True,SSS,0.007936507936507936
